InternalId,Company: Name,Type,Listing: Operation,Address: Street,Address: Neighborhood: Name,Address: City: Name,Address: State: Name,Attributes: Suites,Attributes: Bathrooms,Attributes: Toilettes,Attributes: Parkings,Attributes: TotalSurface,Listing: Price: Price,Listing: Price: Currency,Listing: Description,Pictures,ID
COY-062,Fortanza Inmobiliaria,Casa en condominio,sale,Medicina 24,Lomas AnAhuac,Huixquilucan,Edo. de México,3,3,2,4,699,"20,000,000",MXN,"EL Equilibrio Perfecto Entre Arquitectura Y Seguridad

​Descubra la serenidad de vivir en una de las calles más exclusivas y seguras de Huixquilucan. Esta propiedad, desplantada sobre un terreno de 700 m², ofrece una experiencia arquitectónica única en medios niveles, diseñada para quienes valoran la independencia de espacios sin perder la calidez de un hogar familiar.

UbicaciÓN EstratÉGICA

​Situada en Cerrada de Medicina, una vialidad con acceso controlado y vigilancia 24/7. Su ubicación es privilegiada, permitiendo salidas fluidas hacia Interlomas, Bosques de las Lomas y Tecamachalco en cuestión de minutos.
Estilo DE VIDA Y Entorno

​Vivir en Lomas Anáhuac es tenerlo todo al alcance:

​Educación de Clase Mundial: A pasos de la Universidad Anáhuac México y los colegios más prestigiosos (Irish Institute, Maguen David, Anglo Americano).

​Salud y Bienestar: A solo 8 minutos del Hospital Ángeles de las Lomas.

​Shopping & Dining: Acceso inmediato a la oferta de lujo de Paseo Interlomas, Central Interlomas y Costco.","[#ordered/map ([:url ""https://images.pulppo.com/property/69f8cd43e121a5f6418b6616/picture_7b9ebc25da0643df8a90c1f79f2e7560.jpg""] [:description ""1001084307.jpg""] [:public true] [:is_blueprint false] [:isGeneratedByAI false]) #ordered/map ([:url ""https://images.pulppo.com/property/69f8cd43e121a5f6418b6616/picture_b7e56db320484e1d9563dc962b40b749.jpg""] [:description ""1001084309.jpg""] [:public true] [:is_blueprint false] [:isGeneratedByAI false]) #ordered/map ([:url ""https://images.pulppo.com/property/69f8cd43e121a5f6418b6616/picture_b30bc1378a4f4f9d83bd9a2d2bb9eb9c.jpg""] [:description ""1001084311.jpg""] [:public true] [:is_blueprint false] [:isGeneratedByAI false]) #ordered/map ([:url ""https://images.pulppo.com/property/69f8cd43e121a5f6418b6616/picture_b2a699149cd346c7865fe6abad88de69.jpg""] [:description ""1001084313.jpg""] [:public true] [:is_blueprint false] [:isGeneratedByAI false]) #ordered/map ([:url ""https://images.pulppo.com/property/69f8cd43e121a5f6418b6616/picture_f15e60ea142d404aa49f8aef470b5fc3.jpg""] [:description ""1001084312.jpg""] [:public true] [:is_blueprint false] [:isGeneratedByAI false]) #ordered/map ([:url ""https://images.pulppo.com/property/69f8cd43e121a5f6418b6616/picture_0dba2af160ba426480e36695f77b5572.jpg""] [:description ""1001084310.jpg""] [:public true] [:is_blueprint false] [:isGeneratedByAI false]) #ordered/map ([:url ""https://images.pulppo.com/property/69f8cd43e121a5f6418b6616/picture_e0a72598430443cea7d6e33172ed72a9.jpg""] [:description ""1001084314.jpg""] [:public true] [:is_blueprint false] [:isGeneratedByAI false]) #ordered/map ([:url ""https://images.pulppo.com/property/69f8cd43e121a5f6418b6616/picture_039972f8ae2749aeb4a9c64b11adebf1.jpg""] [:description ""1001084315.jpg""] [:public true] [:is_blueprint false] [:isGeneratedByAI false]) #ordered/map ([:url ""https://images.pulppo.com/property/69f8cd43e121a5f6418b6616/picture_0246977b6d2045a792a82d084cefad05.jpg""] [:description ""1001084316.jpg""] [:public true] [:is_blueprint false] [:isGeneratedByAI false]) #ordered/map ([:url ""https://images.pulppo.com/property/69f8cd43e121a5f6418b6616/picture_eeeb711c06b6445dbe06be87aa4e6ab0.jpg""] [:description ""1001084317.jpg""] [:public true] [:is_blueprint false] [:isGeneratedByAI false]) #ordered/map ([:url ""https://images.pulppo.com/property/69f8cd43e121a5f6418b6616/picture_518fc66fbfa8415aaee596bf6e290cdd.jpg""] [:description ""1001084411.jpg""] [:public true] [:is_blueprint false] [:isGeneratedByAI false]) #ordered/map ([:url ""https://images.pulppo.com/property/69f8cd43e121a5f6418b6616/picture_76ab61aec9834b7ba4e4e6cf89e7d01b.jpg""] [:description ""1001084319.jpg""] [:public true] [:is_blueprint false] [:isGeneratedByAI false]) #ordered/map ([:url ""https://images.pulppo.com/property/69f8cd43e121a5f6418b6616/picture_d3817b3ec1c44a959f81586adef0409d.jpg""] [:description ""1001084318.jpg""] [:public true] [:is_blueprint false] [:isGeneratedByAI false]) #ordered/map ([:url ""https://images.pulppo.com/property/69f8cd43e121a5f6418b6616/picture_ce37246afc8d485eb71ce7cdf1ff1eab.jpg""] [:description ""1001084368.jpg""] [:public true] [:is_blueprint false] [:isGeneratedByAI false]) #ordered/map ([:url ""https://images.pulppo.com/property/69f8cd43e121a5f6418b6616/picture_8f65ed4dfbde4f58acc81a0fbabb839d.jpg""] [:description ""1001084407.jpg""] [:public true] [:is_blueprint false] [:isGeneratedByAI false]) #ordered/map ([:url ""https://images.pulppo.com/property/69f8cd43e121a5f6418b6616/picture_3a43cc5506f9479288b83b057bfebbce.jpg""] [:description ""1001084412.jpg""] [:public true] [:is_blueprint false] [:isGeneratedByAI false]) #ordered/map ([:url ""https://images.pulppo.com/property/69f8cd43e121a5f6418b6616/picture_d0385213322b40869637c1f1fac206ed.jpg""] [:description ""1001084413.jpg""] [:public true] [:is_blueprint false] [:isGeneratedByAI false]) #ordered/map ([:url ""https://images.pulppo.com/property/69f8cd43e121a5f6418b6616/picture_380ca0255d054757a2a06a174460286a.jpg""] [:description ""1001084414.jpg""] [:public true] [:is_blueprint false] [:isGeneratedByAI false]) #ordered/map ([:url ""https://images.pulppo.com/property/69f8cd43e121a5f6418b6616/picture_8783350d990747639291582839c9f34e.jpg""] [:description ""1001084415.jpg""] [:public true] [:is_blueprint false] [:isGeneratedByAI false]) #ordered/map ([:url ""https://images.pulppo.com/property/69f8cd43e121a5f6418b6616/picture_237130e908ea4221866d832e0abb6a4d.jpg""] [:description ""1001084308.jpg""] [:public true] [:is_blueprint false] [:isGeneratedByAI false]) #ordered/map ([:url ""https://images.pulppo.com/property/69f8cd43e121a5f6418b6616/picture_23698cdaa99146a590d7ba89ca5d24a2.jpg""] [:description ""1001084410.jpg""] [:public true] [:is_blueprint false] [:isGeneratedByAI false]) #ordered/map ([:url ""https://images.pulppo.com/property/69f8cd43e121a5f6418b6616/picture_58c492b80db8496a93263056d375dabc.jpg""] [:description ""1001084372.jpg""] [:public true] [:is_blueprint false] [:isGeneratedByAI false]) #ordered/map ([:url ""https://images.pulppo.com/property/69f8cd43e121a5f6418b6616/picture_3aae73b837144382b5b5b8fa91bec2b7.jpg""] [:description ""1001084408.jpg""] [:public true] [:is_blueprint false] [:isGeneratedByAI false]) #ordered/map ([:url ""https://images.pulppo.com/property/69f8cd43e121a5f6418b6616/picture_4b077cb5f9e54124afd2261b9b0e5de7.jpg""] [:description ""1001084306.jpg""] [:public true] [:is_blueprint false] [:isGeneratedByAI false])]",69f8cd43e121a5f6418b6616
